"agegrp"	"occ_code"	"ranking"	"rate_abs"	"n"
13	1113	91	0.00125083291444069	428
11	1121	131	0.00140003804451208	368
4	1122	95	0.0013217112920362	469
5	1122	169	0.000510176316935133	225
6	1122	76	0.00281087133068935	1426
7	1122	127	0.00119198262123888	552
8	1122	85	0.00206664944458796	912
9	1122	83	0.00219736797721676	912
10	1122	97	0.00156740250616465	560
12	1122	46	0.00531110974240407	1121
8	1135	117	0.00111263692685602	491
5	1211	160	0.00086843346393847	383
6	1211	111	0.0017622152662246	894
8	1211	57	0.00324953432405607	1434
9	1211	79	0.00227205921328444	943
10	1211	55	0.00370298842081399	1323
13	1211	88	0.00127421296891622	436
7	1212	168	0.000408124484445922	189
8	1212	114	0.00115342606063078	509
9	1212	92	0.00182150240216653	756
11	1212	126	0.00148373597108617	390
13	1212	78	0.00202529721894252	693
6	1221	100	0.00198298496400665	1006
9	1221	60	0.00329123317640142	1366
11	1221	113	0.00155602054403652	409
5	1223	79	0.00243070671890872	1072
6	1223	163	0.000798318996444031	405
8	1223	143	0.000876966376157392	387
10	1223	84	0.00234270696010681	837
11	1223	109	0.0016359140194027	430
8	1224	112	0.00120327944635549	531
10	1224	77	0.00253863227337739	907
12	1224	114	0.00106601221413106	225
5	1314	138	0.000988608329705413	436
6	1314	21	0.00837545040960664	4249
7	1314	102	0.00183332109679676	849
8	1314	66	0.00272154164797165	1201
9	1314	122	0.000999898805422102	415
11	1314	132	0.00136579798364086	359
12	1314	90	0.00206569477938285	436
13	1314	37	0.00524005470932747	1793
6	1315	99	0.00202043696630897	1025
7	1315	86	0.00249193468280738	1154
8	1315	154	0.000829379053420169	366
11	1315	56	0.00393760700019022	1035
13	1315	102	0.00116315771015746	398
7	1322	119	0.00154396299671341	715
4	1323	102	0.00117234946159287	416
5	1411	21	0.00805625090698012	3553
6	1411	9	0.0141588280282901	7183
7	1411	55	0.0042539959489866	1970
8	1411	24	0.007638898330818	3371
9	1411	57	0.0033538774389098	1392
10	1411	30	0.00649072573534968	2319
11	1411	36	0.00568765455583032	1495
13	1411	71	0.00229709035222052	786
5	1412	166	0.000752793498766507	332
6	1412	36	0.0056729927697924	2878
7	1412	123	0.00123732978617732	573
8	1412	93	0.00187630015363907	828
9	1412	120	0.00100230820013396	416
12	1412	30	0.00669455670474304	1413
13	1412	25	0.00711922658779795	2436
7	1421	162	0.000803292636052292	372
6	1422	88	0.00224909129615466	1141
7	1422	99	0.00191969664906045	889
5	1511	120	0.00159175010883761	702
6	1511	69	0.00314793935141017	1597
7	1511	52	0.0045303977162304	2098
8	1511	125	0.00102879259631901	454
9	1511	105	0.00123361009247257	512
12	1511	85	0.0022125675733298	467
7	1512	47	0.00483055276034671	2237
8	1512	119	0.00106731566710628	471
9	1512	125	0.00099026122657466	411
11	1512	76	0.00289138291801408	760
6	1521	169	0.000743126571998518	377
11	1521	97	0.0017804831653034	468
6	1523	53	0.00393246024174282	1995
9	1523	119	0.00103603972610001	430
10	1524	101	0.0014750377156228	527
6	1526	162	0.000806203628507676	409
5	1614	152	0.000904712668698302	399
6	1614	42	0.00496534704208028	2519
8	1614	106	0.00143894999705412	635
12	1614	67	0.00365760635248523	772
4	1615	48	0.00370586428364093	1315
6	1615	102	0.00195735990979981	993
9	1615	102	0.00132757648623513	551
10	1615	123	0.00111677428564231	399
11	1615	127	0.00148373597108617	390
7	1621	137	0.00101059396148514	468
11	1622	121	0.00151417158074948	398
6	1623	104	0.00192385022352932	976
7	1623	161	0.000809770802472068	375
9	1623	58	0.00331773651823189	1377
13	1623	66	0.00270039629192336	924
4	1711	120	0.00102580577889376	364
5	1711	147	0.000938724423160644	414
7	1711	131	0.00109912890255542	509
13	1711	81	0.00165706136095297	567
5	1722	106	0.00185477434334639	818
7	1722	105	0.00179013332066492	829
8	1722	136	0.000931351887857075	411
9	1722	117	0.00104326791023559	433
10	1722	86	0.00232591336182647	831
11	1723	91	0.00189842115274872	499
5	2111	85	0.00231506675373676	1021
6	2111	120	0.00158875336082442	806
8	2111	79	0.00227965936541172	1006
10	2111	105	0.00131829746500634	471
12	2111	37	0.00632500580384428	1335
7	2112	83	0.00266900456494794	1236
8	2112	59	0.00306371715908215	1352
11	2112	92	0.00187559444550124	493
12	2112	89	0.00209412177175968	442
4	2121	84	0.00166552531683026	591
5	2121	43	0.0048069946306777	2120
6	2121	52	0.00436217268921146	2213
7	2121	25	0.00665091752430392	3080
8	2121	21	0.00872887462779915	3852
9	2121	9	0.0138516101984859	5749
10	2121	26	0.00671743931213421	2400
11	2121	41	0.00500665778961385	1316
12	2121	56	0.00436828116190593	922
13	2121	33	0.00557322048560373	1907
5	2122	125	0.00122669061094181	541
6	2122	165	0.000786492048348564	399
7	2122	122	0.00148350011012883	687
8	2122	105	0.00154318889447851	681
11	2122	85	0.00210005706676812	552
12	2122	77	0.00241155651996759	509
7	2133	128	0.00115095423391363	533
5	2135	54	0.00403152662893629	1778
6	2135	49	0.00457702891294578	2322
7	2135	64	0.00373574263540447	1730
8	2135	25	0.0067460695137482	2977
9	2135	12	0.012054201743438	5003
10	2135	90	0.00207680832066816	742
11	2135	52	0.00415826517024919	1093
12	2135	58	0.00408874907020046	863
13	2135	13	0.0136568743205172	4673
5	2142	63	0.00338757074444928	1494
6	2142	73	0.00295082354981905	1497
7	2142	153	0.000874552466669834	405
8	2142	44	0.00423527172361283	1869
9	2142	32	0.00559220512622819	2321
11	2142	86	0.00205440365227316	540
12	2142	29	0.00679405117806194	1434
5	2143	127	0.00120855100856189	533
6	2143	167	0.000754953520093985	383
7	2143	143	0.00093069657564123	431
8	2143	148	0.000867902124207444	383
10	2143	114	0.00117555187962349	420
11	2143	59	0.00375118889100247	986
13	2143	92	0.00123622038039349	423
10	2145	117	0.00115036148220298	411
7	2151	167	0.000708279528562236	328
13	2152	117	0.00097903978116269	335
4	2162	88	0.00157252644127121	558
5	2162	80	0.00243070671890872	1072
6	2162	58	0.00360721916911747	1830
7	2162	60	0.00380916185482861	1764
10	2162	87	0.00228952723221908	818
13	2162	43	0.00427562746221199	1463
4	2164	53	0.00338459544080058	1201
4	2172	44	0.00453158157269553	1608
5	2172	68	0.00281844071977942	1243
6	2172	82	0.0025723612107641	1305
7	2172	31	0.00595127555096805	2756
8	2172	63	0.00282578054539604	1247
9	2172	54	0.00375865575050236	1560
12	2172	112	0.00149715493184629	316
13	2172	113	0.00101995487649486	349
9	2173	128	0.000966167279456055	401
5	2174	134	0.00104982948773763	463
8	2174	123	0.00104918716320639	463
6	2211	164	0.000798318996444031	405
11	2221	128	0.00146851816625452	386
9	2222	68	0.00279007907633444	1158
6	2231	150	0.000942213531605548	478
4	2232	123	0.000924352460102073	328
6	2232	136	0.00138178176915374	701
7	2232	95	0.00199527525729118	924
8	2232	113	0.00116022424959324	512
9	2232	71	0.00260696507823305	1082
11	2232	101	0.00175765645805593	462
7	2241	149	0.000889668188315979	412
8	2241	111	0.00124406858013025	549
9	2241	103	0.00132275769681141	549
5	2242	87	0.00227652009867944	1004
6	2242	148	0.000967838585812393	491
7	2242	81	0.00280072728215006	1297
8	2242	88	0.00198960330301341	878
12	2242	49	0.00496524800181933	1048
5	2251	155	0.000884305616020897	390
7	2251	134	0.00103002846074447	477
9	2251	106	0.00120951614535396	502
11	2251	106	0.00169678523872931	446
5	2252	129	0.00110878319547236	489
6	2253	160	0.000820001734619054	416
7	2253	82	0.00274890195079185	1273
11	2253	135	0.000639147802929427	168
12	2253	94	0.00197093813812676	416
13	2253	96	0.0012157628327274	416
6	2261	151	0.000928415425494169	471
7	2261	101	0.00188730581696157	874
8	2261	72	0.00247000865636061	1090
10	2261	132	0.00103280629424064	369
12	2261	74	0.00270056427579868	570
13	2261	79	0.0019668470827537	673
5	2263	139	0.000988608329705413	436
6	2263	60	0.00356582485078334	1809
7	2263	138	0.00100195640625877	464
8	2263	103	0.00164062960294044	724
11	2263	105	0.00170439414114514	448
12	2263	45	0.0053395367347809	1127
4	2271	118	0.00104835096084747	372
5	2271	82	0.00237628791176897	1048
6	2271	8	0.015136522404182	7679
7	2271	11	0.0119090292683559	5515
8	2271	22	0.007811119117867	3447
9	2271	59	0.00330568954467259	1372
10	2271	53	0.00382614147486978	1367
13	2271	50	0.00380510386589201	1302
6	2272	85	0.00248563025806401	1261
8	2272	61	0.00303199227725734	1338
9	2272	123	0.00099267062128652	412
5	2281	145	0.00095913147583805	423
9	2281	100	0.0013902207487435	577
6	2311	118	0.00164985925931766	837
10	2311	128	0.00109158388822181	390
11	2311	26	0.00726650180711432	1910
5	2312	102	0.00192053040197359	847
7	2321	150	0.000889668188315979	412
8	2321	80	0.0022139435387746	977
9	2321	46	0.00447424597992492	1857
10	2321	44	0.00471620218372756	1685
11	2321	27	0.00683279436941221	1796
12	2321	98	0.00189039499305908	399
13	2321	27	0.00692634113837485	2370
5	2322	116	0.00165070381657234	728
6	2322	92	0.00217024497551822	1101
9	2322	110	0.00112759672515071	468
10	2322	102	0.00140506438945474	502
11	2322	14	0.0115198782575613	3028
12	2322	53	0.00462886192536019	977
13	2322	93	0.00122745285996516	420
5	2331	131	0.00108384124219997	478
6	2331	98	0.0020795717067863	1055
7	2331	44	0.00518253313582124	2400
8	2331	87	0.00204398881471309	902
9	2331	50	0.00430317895538283	1786
10	2331	118	0.00115036148220298	411
11	2331	63	0.00351531291611185	924
13	2331	48	0.00394830669955461	1351
4	2332	119	0.00103144207438219	366
5	2332	70	0.00276402191263967	1219
6	2332	50	0.0045100095404048	2288
7	2332	10	0.0125244550782347	5800
8	2332	7	0.0137527362710574	6069
9	2332	27	0.00638007719700657	2648
10	2332	56	0.00363861296073937	1300
11	2332	16	0.0112117177097204	2947
12	2332	60	0.00405558424576082	856
13	2332	60	0.00288159171410869	986
4	2335	101	0.00118362205256973	420
6	2335	51	0.00437991311135466	2222
7	2335	24	0.00693595684677409	3212
8	2335	27	0.00608891124737703	2687
9	2335	74	0.00241662289599607	1003
10	2335	131	0.00103840416033408	371
12	2335	12	0.0128679518825776	2716
5	2411	77	0.00244204397039617	1077
6	2411	65	0.00328592041252395	1667
7	2411	67	0.00355219458684414	1645
8	2411	122	0.00106051747814382	468
9	2411	47	0.00445256142751818	1848
11	2411	107	0.00168156743389766	442
13	2411	46	0.00424347988730814	1452
5	2412	124	0.00126296981570164	557
6	2412	80	0.00268274605965513	1361
7	2412	61	0.00380268368840883	1761
8	2412	145	0.000874700313169905	386
6	2413	57	0.00371366170197668	1884
7	2413	129	0.00113799790107408	527
8	2413	102	0.0016655562958028	735
11	2413	93	0.00184896328704584	486
12	2413	40	0.00595545490294551	1257
13	2413	110	0.00104625743777983	358
6	2423	144	0.00106442532859204	540
7	2423	164	0.000779539359179778	361
8	2423	147	0.000870168187194931	384
4	2426	73	0.00234188077544153	831
5	2426	44	0.00478658757800029	2111
6	2426	116	0.00166365736542904	844
7	2426	69	0.00347229720100023	1608
8	2426	23	0.00776806392110475	3428
9	2426	130	0.000958939095320474	398
10	2426	82	0.00247705574634949	885
11	2426	40	0.00509796461860377	1340
13	2426	106	0.00110470757396865	378
6	2427	138	0.00124971418208769	634
7	2427	59	0.00381779941005498	1768
10	2427	91	0.00204881899020094	732
6	2428	170	0.000739184255966695	375
7	2428	159	0.000814089580085253	377
9	2428	93	0.00177813329735304	738
10	2428	78	0.00253863227337739	907
11	2428	129	0.00146851816625452	386
4	2511	37	0.00598856395645398	2125
5	2511	40	0.00522420548541576	2304
6	2511	44	0.00491409693366659	2493
7	2511	17	0.00957257057962314	4433
8	2511	28	0.00601639723177745	2655
9	2511	126	0.00099026122657466	411
10	2511	19	0.00779502853512241	2785
11	2511	57	0.00393760700019022	1035
12	2511	76	0.00243050784821881	513
13	2511	51	0.00379633634546368	1299
4	2512	59	0.00317887065547298	1128
5	2512	36	0.00566409084312872	2498
6	2512	17	0.0097789149169354	4961
7	2512	20	0.0082877342397008	3838
8	2512	35	0.00518248605238231	2287
9	2512	34	0.00527175562955074	2188
10	2512	65	0.00281572664500292	1006
11	2512	24	0.00735780863610424	1934
12	2512	33	0.00661401355967536	1396
13	2512	67	0.00267993874425727	917
10	2513	67	0.00273735651969469	978
10	2514	119	0.00115036148220298	411
8	2521	140	0.000901893069019746	398
9	2521	136	0.000922798174642566	383
12	2522	81	0.00232627554283711	491
7	2523	165	0.000768742415146817	356
5	2524	74	0.00246245102307357	1086
11	2524	53	0.0041316340117938	1086
8	2531	108	0.00130978440676737	578
4	2532	99	0.00122871241647715	436
5	2532	91	0.00211779857785517	934
6	2532	175	0.000685962989537093	348
7	2532	146	0.000906943298768716	420
8	2532	107	0.00132564684767978	585
10	2532	121	0.00113356788392265	405
13	2532	57	0.00320891247676607	1098
12	2541	21	0.00788849038456983	1665
13	2541	77	0.00207497983470301	710
5	2542	140	0.000988608329705413	436
7	2542	132	0.00109265073613564	506
13	2542	83	0.00159276621114527	545
6	2543	149	0.000963896269780571	489
7	2543	111	0.00170807654601442	791
10	2543	98	0.0015366142426507	549
13	2543	116	0.000996574822019335	341
4	2544	106	0.00115262242738338	409
7	2544	46	0.00495363792232247	2294
6	2551	133	0.00138375292716965	702
12	2551	87	0.00217466491682736	459
4	2552	90	0.00149643645217744	531
5	2552	37	0.00558019518212161	2461
11	2552	95	0.00179950542134297	473
5	2561	99	0.00195907705703091	864
10	2562	61	0.00320477833849736	1145
13	2562	120	0.000917667138164432	314
6	2611	101	0.00198298496400665	1006
7	2611	91	0.00217234513943174	1006
9	2612	89	0.00191305940121723	794
11	2612	65	0.00350770401369602	922
12	2612	95	0.00197093813812676	416
13	2612	84	0.0014729434319582	504
11	2613	50	0.00436370553547651	1147
4	2614	54	0.00335923211110266	1192
12	2614	27	0.00684142949868999	1444
13	2614	47	0.00422009983283261	1444
5	2621	86	0.00231279930343927	1020
9	2621	98	0.00149623411606536	621
5	2622	148	0.000931922072268176	411
11	2622	38	0.00546319193456344	1436
12	2622	99	0.00189039499305908	399
7	2623	148	0.000898305743542348	416
5	2624	107	0.00183436729066899	809
6	2624	139	0.00116889670343533	593
7	2631	166	0.000753626693500672	349
11	2631	115	0.0015484116416207	407
4	2632	19	0.00898707315629729	3189
5	2632	25	0.00704270062400232	3106
6	2632	59	0.00357765179887881	1815
7	2632	26	0.00654294808397431	3030
8	2632	30	0.00561077195701732	2476
9	2632	48	0.0044453332433826	1845
10	2632	28	0.00652151399886363	2330
11	2632	35	0.00584744150656268	1537
12	2632	63	0.00377605215405535	797
13	2632	40	0.00497702909647779	1703
5	2633	153	0.000904712668698302	399
7	2633	163	0.000790336303212739	366
12	2633	88	0.00215097575651333	454
5	2634	115	0.00166204106805979	733
6	2634	159	0.000831828682714521	422
7	2634	108	0.00175126432214626	811
9	2634	82	0.00221423374019979	919
10	2634	104	0.00135468359461373	484
11	2634	124	0.00149514932470991	393
13	2634	29	0.00681236337280666	2331
11	2636	82	0.0022103861517976	581
8	2637	120	0.00106731566710628	471
9	2638	108	0.00118060340881164	490
4	2640	98	0.00126816648489614	450
5	2640	126	0.00121308590915687	535
9	2640	137	0.000922798174642566	383
11	2640	119	0.00151797603195739	399
8	2641	118	0.00108317810801869	478
5	2642	93	0.00207018212160789	913
6	2642	48	0.00463813481143902	2353
7	2642	27	0.00641122536677219	2969
8	2642	40	0.0046522273133104	2053
9	2642	61	0.00328159559755398	1362
10	2642	45	0.00466022352279311	1665
11	2642	122	0.00150656267833365	396
12	2642	78	0.00240681868790479	508
5	2643	143	0.000977271078217966	431
7	2643	109	0.00175126432214626	811
8	2643	138	0.000904159132007233	399
9	2643	129	0.000961348490032334	399
10	2643	115	0.00117555187962349	420
12	2643	72	0.00337333642871695	712
13	2643	97	0.0012157628327274	416
5	2644	96	0.002047507618633	903
6	2644	114	0.00171490747384273	870
7	2644	36	0.00575477116956817	2665
8	2644	99	0.00170634542957756	753
9	2644	107	0.00120228796121838	499
10	2644	54	0.00379255427830911	1355
13	2644	55	0.00343686800790246	1176
6	2645	145	0.0010388002743852	527
6	2646	158	0.000845626788825899	429
13	2646	107	0.00109594005354032	375
5	2651	67	0.00285698737483674	1260
6	2651	94	0.00213870644726364	1085
7	2651	38	0.00555610739936168	2573
8	2651	104	0.00154772102045348	683
9	2651	104	0.00132034830209955	548
10	2651	51	0.0039520934619723	1412
11	2651	45	0.00469469279056496	1234
12	2651	106	0.00173404653498652	366
6	2653	171	0.000727357307871228	369
7	2654	169	0.000261286045597654	121
10	2654	68	0.00273735651969469	978
11	2654	110	0.00159786950732357	420
6	2655	66	0.00327015114839666	1659
7	2655	114	0.00162817916017051	754
9	2655	95	0.00172512661369211	716
4	2711	105	0.00115825872287181	411
5	2711	59	0.00358937382092585	1583
6	2711	115	0.001708993999795	867
7	2711	80	0.00282663994782917	1309
8	2711	153	0.000840709368357603	371
9	2711	132	0.000949301516473032	394
12	2711	57	0.00420719487177058	888
13	2711	108	0.00108425002630256	371
5	2712	110	0.00180489043680163	796
7	2712	126	0.00120277956527185	557
11	2712	71	0.00309682328324139	814
13	2712	119	0.000970272260734367	332
12	2713	100	0.00188091932893347	397
4	2715	96	0.00131889314429198	468
5	2715	100	0.00195680960673342	863
6	2715	125	0.00154538788447437	784
9	2715	134	0.00093966393762559	390
11	2715	102	0.00171200304356097	450
12	2715	102	0.00179563835180298	379
5	2716	47	0.00456664489914381	2014
6	2716	81	0.00265712100544828	1348
7	2716	120	0.00153748483029363	712
8	2716	109	0.00130978440676737	578
5	2811	32	0.00619240676244377	2731
6	2811	86	0.00244423593972987	1240
8	2811	126	0.00102199440735655	451
10	2811	50	0.00396888706025263	1418
11	2811	72	0.00304356096633061	800
12	2811	69	0.00354389838297792	748
5	2812	103	0.00190919315048614	842
9	2812	97	0.00159260990453978	661
6	2813	153	0.000869280685016834	441
7	2813	141	0.000952290463707152	441
10	2813	95	0.00160658756881877	574
5	2815	112	0.0017663437817443	779
6	2815	146	0.00101711753621017	516
7	2815	87	0.00247681896116123	1147
11	2815	116	0.00154460719041278	406
13	2816	94	0.00121868533953684	417
4	2817	124	0.000634083242448069	225
4	2821	104	0.00116107687061602	412
6	2821	64	0.00334111283696946	1695
7	2821	56	0.00421728633927453	1953
8	2821	121	0.00106731566710628	471
9	2821	111	0.00112759672515071	468
10	2821	94	0.00162618010014582	581
11	2821	117	0.00153319383678904	403
12	2821	61	0.00395608977244193	835
13	2821	100	0.00117192523058579	401
10	2822	103	0.00139666759031457	499
12	2822	111	0.00158243590897677	334
13	2822	118	0.000976117274353249	334
7	2823	145	0.000915580853995085	424
9	2823	140	0.000901113622235822	374
6	2825	137	0.00137783945312192	699
4	2827	38	0.00526711813393529	1869
8	2827	110	0.00129618802884245	572
5	2991	141	0.000986340879407923	435
4	3101	65	0.00291678291526112	1035
5	3101	161	0.000857096212451023	378
6	3101	126	0.00153553209439482	779
7	3101	71	0.0033686465382838	1560
8	3101	67	0.00272154164797165	1201
10	3101	89	0.00225034216956496	804
4	3111	61	0.00309150807540236	1097
5	3111	39	0.00528315919315049	2330
6	3111	18	0.00862972979365918	4378
7	3111	8	0.0137855381412845	6384
8	3111	42	0.00443241920352418	1956
9	3111	8	0.015041851186145	6243
10	3111	48	0.00404165931946742	1444
11	3111	13	0.0119079322807685	3130
12	3111	73	0.00273846693230112	578
13	3111	30	0.006622400430193	2266
6	3113	95	0.00213673528924773	1084
7	3113	57	0.00397543479293621	1841
8	3113	95	0.00179018976011457	790
9	3113	135	0.000925207569354427	384
10	3113	88	0.0022671357678453	810
12	3113	113	0.00147346577153226	311
13	3113	61	0.00285821165963317	978
5	3114	136	0.00102262008416776	451
4	3115	112	0.00112444094994124	399
5	3115	11	0.0120560332317516	5317
6	3115	13	0.0101908869422608	5170
7	3115	16	0.00957688935723633	4435
8	3115	5	0.0151373007564118	6680
9	3115	6	0.0177066417374627	7349
10	3115	10	0.0159035375714778	5682
11	3115	20	0.00885676241202207	2328
12	3115	3	0.0265555487120204	5605
13	3115	26	0.00702862887670528	2405
4	3121	20	0.00891661946269195	3164
5	3121	13	0.0117952764475403	5202
6	3121	15	0.0100962713574971	5122
7	3121	29	0.00629245898240962	2914
8	3121	43	0.00425113416452524	1876
9	3121	20	0.00825217688812217	3425
10	3121	64	0.00281852557804965	1007
11	3121	18	0.00896328704584364	2356
12	3121	34	0.00652399475048207	1377
13	3121	45	0.00425809242135534	1457
6	3122	77	0.00280298669862571	1422
9	3122	49	0.00444292384867074	1844
10	3122	133	0.000982425499399629	351
11	3122	111	0.00159406505611566	419
4	3132	31	0.00658601127822727	2337
5	3132	5	0.0214886264693078	9477
6	3132	16	0.00979468418106269	4969
7	3132	5	0.0191062721607276	8848
8	3132	31	0.00557224888623004	2459
9	3132	15	0.0112759672515071	4680
10	3132	14	0.0107479028994147	3840
11	3132	12	0.0120372836218375	3164
12	3132	9	0.0160944155173476	3397
13	3132	36	0.00526927977742188	1803
4	3141	107	0.00114698613189495	407
6	3141	24	0.00756924678109896	3840
10	3141	46	0.00453707046873732	1621
6	3201	90	0.00219784118774097	1115
8	3201	155	0.000824846927445195	364
4	3211	39	0.00504448446214241	1790
5	3211	18	0.00962079161224786	4243
6	3211	29	0.00689313958164142	3497
7	3211	50	0.00466427982223911	2160
8	3211	41	0.00459104361264826	2026
9	3211	78	0.00227928739742002	946
10	3211	21	0.00776703920465519	2775
11	3211	42	0.00487350199733688	1281
12	3211	55	0.00440618381840837	930
13	3211	35	0.00542709514513169	1857
4	3212	87	0.00157816273675964	560
5	3212	19	0.00873421854592947	3852
6	3212	134	0.00138375292716965	702
7	3212	142	0.000947971686093968	439
8	3212	144	0.000876966376157392	387
9	3212	101	0.00138781135403164	576
10	3212	134	0.000982425499399629	351
11	3212	46	0.00463001712003044	1217
12	3212	83	0.0022173054053926	468
13	3212	109	0.00106379247863648	364
4	3213	85	0.00160916236194599	571
8	3213	156	0.000781791730682946	345
8	3221	98	0.00172673999646494	762
10	3221	38	0.00523680373041796	1871
11	3221	30	0.0063115845539281	1659
13	3221	73	0.00222695018879394	762
4	3222	110	0.0011357135409181	403
6	3222	176	0.000646539829218869	328
7	3231	54	0.00443970338635353	2056
4	4111	3	0.030419086751042	10794
5	4111	3	0.0249056740676244	10984
6	4111	5	0.0195479740437912	9917
7	4111	1	0.0423434551084661	19609
8	4111	1	0.0334108326875054	14744
9	4111	2	0.0483324579199214	20060
10	4111	4	0.0223998611729209	8003
11	4111	3	0.0375233022636485	9863
12	4111	1	0.0688312242084267	14528
13	4111	1	0.0782413523023509	26772
4	4201	76	0.00220942783146349	784
5	4201	34	0.00601554563923959	2653
6	4201	23	0.00778213184681737	3948
7	4201	63	0.00376813346750336	1745
8	4201	55	0.00332658046563062	1468
9	4201	124	0.00099267062128652	412
10	4201	69	0.0027261607875078	974
11	4201	49	0.0043903366939319	1154
12	4201	64	0.00374762516167852	791
4	4211	1	0.102062038704441	36216
5	4211	1	0.0948394870366558	31327
6	4211	1	0.0494839508314344	25104
7	4211	2	0.0369147516486934	17095
8	4211	2	0.0257356773488876	11357
9	4211	1	0.0644609461211155	26754
10	4211	1	0.0483907534447868	17289
11	4211	2	0.0384972417728743	10119
12	4211	2	0.0304500466676458	6427
13	4211	2	0.0382848392036753	13100
5	4212	71	0.00274814976055725	1212
8	4212	134	0.000942682202794509	416
10	4212	130	0.00106359455775458	380
11	4212	103	0.00171200304356097	450
12	4212	108	0.00170561954260969	360
4	4213	116	0.00107935058603382	383
5	4214	62	0.0034057103468292	1502
6	4214	74	0.00292716965362811	1485
7	4214	75	0.00312679499194548	1448
8	4214	115	0.00115342606063078	509
13	4214	68	0.00265948119659119	910
4	4221	23	0.00788235924056555	2797
5	4221	31	0.00623775576839356	2751
6	4221	45	0.00490029882755521	2486
7	4221	32	0.00590376899722303	2734
8	4221	68	0.00268755070315934	1186
9	4221	29	0.00620419138304075	2575
10	4221	24	0.00722684512663773	2582
11	4221	33	0.00598820620125547	1574
12	4221	31	0.00666612971236622	1407
13	4221	28	0.00687665852261436	2353
5	4222	78	0.00243977652009868	1076
6	4222	113	0.0017444748440814	885
7	4222	79	0.00290437794486649	1345
8	4222	49	0.0039656102281019	1750
9	4222	141	0.000901113622235822	374
10	4222	113	0.00120074227704399	429
12	4222	44	0.00537743939128334	1135
13	4222	39	0.00498871912371556	1707
4	4223	74	0.00233342633220889	828
6	4223	61	0.00353822863856058	1795
7	4223	151	0.000887508799509387	411
8	4223	58	0.00320874519028131	1416
10	4223	47	0.0044978854060832	1607
11	4223	74	0.00297888529579608	783
13	4223	82	0.00160153373157359	548
4	4224	103	0.00117234946159287	416
5	4224	61	0.00343518720069656	1515
6	4224	46	0.00481356787485512	2442
7	4224	136	0.00101707212790492	471
8	4224	51	0.00352599400852946	1556
9	4224	28	0.00628852019795587	2610
10	4224	27	0.00659988412417187	2358
11	4224	66	0.00342781053832985	901
12	4224	19	0.00801641185026556	1692
13	4224	42	0.00432238757116304	1479
5	4231	164	0.000848026411261065	374
6	4231	124	0.00156509946463348	794
7	4231	118	0.00157203505119911	728
8	4231	46	0.00416275770801325	1837
9	4231	66	0.00295873670616468	1228
13	4231	115	0.00100241983563822	343
4	4232	42	0.00481057819937268	1707
5	4233	156	0.000884305616020897	390
5	4312	92	0.00209512407488028	924
7	4312	121	0.00151589094222771	702
4	5101	50	0.00368613724943144	1308
6	5101	47	0.00479976976874374	2435
7	5101	157	0.000820567746505029	380
8	5101	97	0.00177885944517714	785
9	5101	67	0.00283103878643607	1175
10	5101	74	0.00257501840298478	920
12	5101	52	0.0046383375894858	979
4	5111	56	0.00331132359945102	1175
5	5111	12	0.011951730518067	5271
6	5111	12	0.0108630518256866	5511
7	5111	21	0.00808475169188113	3744
8	5111	101	0.00167008842177777	737
9	5111	38	0.00512237315741539	2126
10	5111	15	0.00861791485085885	3079
11	5111	44	0.00476697736351531	1253
12	5111	47	0.0052353044293992	1105
13	5111	53	0.00347778310323463	1190
4	5112	57	0.00323241546261304	1147
5	5112	38	0.0053239732985053	2348
6	5112	54	0.00379053686459721	1923
7	5112	53	0.004474253607259	2072
8	5112	36	0.00513943085562006	2268
9	5112	10	0.0135480264647915	5623
10	5112	42	0.00489813283176453	1750
11	5112	100	0.00176146090926384	463
12	5112	105	0.00176721135942615	373
13	5112	20	0.00845481219971242	2893
11	5113	125	0.001491344873502	392
4	5114	4	0.0278630267470402	9887
5	5114	8	0.016162385720505	7128
6	5114	7	0.0162443132091241	8241
7	5114	14	0.0102678937753458	4755
8	5114	15	0.0107660652535498	4751
9	5114	11	0.0135022479652662	5604
10	5114	3	0.0228504893934432	8164
11	5114	6	0.0151873692219897	3992
12	5114	16	0.0120009286150843	2533
13	5114	5	0.0213781373110599	7315
4	5115	113	0.00112444094994124	399
5	5115	56	0.00388187490930199	1712
6	5115	131	0.00141529145542423	718
8	5115	152	0.00084297543134509	372
4	5116	7	0.019667853106867	6979
5	5116	9	0.012813361631113	5651
6	5116	28	0.00705674569696205	3580
7	5116	12	0.0108012628105741	5002
8	5116	20	0.00882178321028611	3893
9	5116	5	0.0184366883351564	7652
10	5116	17	0.00842758740368172	3011
11	5116	23	0.00748715997717329	1968
12	5116	43	0.00547219603253943	1155
13	5116	58	0.00312415977929229	1069
11	5201	123	0.00149895377591782	394
4	5211	70	0.00259269592467655	920
5	5211	66	0.00308599985488318	1361
6	5211	68	0.00319721830180795	1622
7	5211	85	0.00254591940297218	1179
8	5211	14	0.0111648923393475	4927
9	5211	33	0.00540668173341493	2244
10	5211	37	0.00526479306088519	1881
11	5211	28	0.00666539851626403	1752
13	5211	112	0.00103748991735151	355
5	5212	132	0.00106116673922508	468
6	5212	156	0.000853511420889544	433
7	5212	62	0.0037854085779561	1753
8	5212	94	0.00184230920882677	813
9	5212	88	0.00195642850603071	812
10	5212	124	0.00111677428564231	399
12	5212	103	0.00177668702355176	375
5	5213	52	0.00437164417355972	1928
4	5221	108	0.00114698613189495	407
7	5221	77	0.00299075349713017	1385
12	5221	22	0.00783163639981617	1653
13	5221	41	0.00444513285715956	1521
4	5222	71	0.00255606000400177	907
5	5222	45	0.00472309896967058	2083
6	5222	67	0.00327015114839666	1659
7	5222	84	0.00256103512461833	1186
8	5222	64	0.00276912897070887	1222
9	5222	45	0.0044814741640605	1860
10	5222	75	0.00257501840298478	920
11	5222	89	0.00190603005516454	501
12	5222	107	0.00172457087086091	364
4	5241	115	0.00108216873377804	384
5	5241	159	0.00087070091423596	384
6	5241	121	0.00157101293868122	797
8	5241	150	0.000861103935244984	380
10	5241	79	0.00253863227337739	907
11	5241	112	0.00158265170249192	416
12	5241	66	0.00367655768073645	776
13	5241	85	0.00139403574810329	477
4	5242	40	0.00494021299560651	1753
5	5242	150	0.000922852271078218	407
6	5242	119	0.00160058030891988	812
9	5242	70	0.00266238115660584	1105
12	5242	25	0.00704515627739059	1487
13	5242	23	0.00730918953041161	2501
7	5254	107	0.00175342371095285	812
10	5301	111	0.00122033480837105	436
5	5311	121	0.00129698157016398	572
6	5311	168	0.000745097730014429	378
5	5312	98	0.00199762371208823	881
7	5312	22	0.00738942849615845	3422
8	5312	26	0.00656705053773675	2898
9	5312	138	0.000910751201083264	378
10	5312	108	0.00127071560321206	454
12	5312	65	0.00374762516167852	791
4	5313	34	0.00637183204966704	2261
5	5313	10	0.0122533014076331	5404
6	5313	78	0.00279510206656206	1418
7	5313	65	0.00369687363688582	1712
8	5313	50	0.00378205912611547	1669
9	5313	21	0.00820398899388496	3405
10	5313	9	0.016748815351588	5984
11	5313	5	0.0206049077420582	5416
12	5313	6	0.0182596047700493	3854
13	5313	7	0.0175262733362169	5997
5	5413	104	0.00189785589899869	837
6	6101	96	0.00210913907702497	1070
7	6101	106	0.00177717698782537	823
8	6101	129	0.000985737399556758	435
5	6111	14	0.0110492852996662	4873
6	6111	40	0.0050560203108122	2565
7	6111	37	0.00562520784117263	2605
9	6111	69	0.00271538784026677	1127
10	6111	41	0.00498210082316621	1780
11	6111	25	0.00731976412402511	1924
12	6111	18	0.00838122491910152	1769
13	6111	4	0.0251832411769519	8617
4	6112	36	0.00608719912750146	2160
6	6112	70	0.00311442966513968	1580
8	6112	71	0.0025923760576849	1144
12	6112	11	0.0139576532570227	2946
13	6112	24	0.00729749950317384	2497
10	6113	60	0.00336151858911383	1201
4	6114	16	0.0103989651761483	3690
5	6114	30	0.00651438470468727	2873
6	6114	33	0.00581294498892209	2949
8	6114	75	0.00231365031022402	1021
9	6114	65	0.00312257554657119	1296
10	6114	73	0.00258621413517167	924
11	6114	77	0.0028114894426479	739
13	6114	44	0.00427562746221199	1463
13	6115	65	0.00274715640087441	940
5	6116	94	0.00205657741982296	907
7	6116	96	0.00199095647967799	922
8	6116	45	0.00417862014892566	1844
10	6116	29	0.00649912253448985	2322
11	6116	31	0.00622027772493818	1635
12	6116	62	0.00394661410831632	833
13	6116	16	0.0120231930140397	4114
4	6117	63	0.00306050845021601	1086
5	6117	50	0.00445780728486432	1966
6	6117	129	0.00146654156383792	744
4	6121	35	0.0062619242876427	2222
6	6121	55	0.00379053686459721	1923
7	6121	94	0.00206221631029553	955
9	6121	51	0.00428872258711167	1780
10	6121	33	0.00583857433546332	2086
11	6121	22	0.00793608521970706	2086
12	6121	28	0.00681300250631316	1438
13	6121	15	0.0125813918146429	4305
6	6122	97	0.00210913907702497	1070
7	6122	89	0.0023472556327657	1087
4	6123	64	0.00301541808630859	1070
4	6125	60	0.00313941658705399	1114
6	6125	89	0.00222149508393191	1127
8	6125	132	0.000974407084619324	430
5	6126	118	0.00160988971121753	710
7	6128	93	0.00208812897597464	967
8	6128	76	0.00230231999528659	1016
9	6128	76	0.00232988468636909	967
13	6128	62	0.00282606408472932	967
4	6131	66	0.00289705588105162	1028
6	6131	132	0.00140346450732877	712
7	6131	41	0.00529050257615085	2450
10	6131	93	0.00199284032926648	712
12	6131	48	0.00498893716213335	1053
13	6131	18	0.0110324632056393	3775
6	6201	109	0.00182135000670194	924
5	6211	117	0.00164163401538238	724
7	6211	115	0.00159578832807162	739
8	6211	100	0.00167462054775275	739
4	6223	26	0.00708200528120887	2513
5	6223	28	0.00656200116093455	2894
6	6223	56	0.00373731559816761	1896
7	6223	28	0.00634428431376783	2938
9	6223	36	0.00518019863050005	2150
4	6311	69	0.0026039685156534	924
5	6311	113	0.00167564576984472	739
6	6311	141	0.0011275023851012	572
7	6311	116	0.00159362893926503	738
11	6311	80	0.00265931139433137	699
5	7101	97	0.00201122841387317	887
6	7101	128	0.00151187819820388	767
8	7101	34	0.00532524802059398	2350
10	7101	40	0.00499889442144654	1786
11	7101	136	0.000448925242533765	118
8	7112	78	0.00228419149138669	1008
9	7112	73	0.00242866986955537	1008
4	7121	6	0.0221450049740308	7858
5	7121	7	0.0168811674648092	7445
6	7121	2	0.0259207279092321	13150
7	7121	4	0.0222892112616445	10322
8	7121	9	0.0126129065883515	5566
9	7121	4	0.0287946762014447	11951
10	7121	7	0.0180447213522205	6447
11	7121	4	0.0303100627734449	7967
12	7121	4	0.022755807397651	4803
13	7121	8	0.0162257578060157	5552
7	7122	140	0.000958768630126929	444
4	7123	86	0.00158661717999228	563
5	7123	158	0.000872968364533449	385
6	7123	127	0.00152370514629935	773
4	7131	121	0.000994806153707414	353
8	7131	73	0.00246321046739815	1087
9	7131	87	0.00200943518969165	834
5	7132	137	0.00100674793208533	444
10	7132	106	0.00130990066586617	468
11	7132	96	0.00178809206771923	470
13	7132	87	0.00132681809148615	454
4	7133	83	0.00195297638674005	693
5	7133	35	0.00581147511246554	2563
6	7133	140	0.00116889670343533	593
7	7133	144	0.000926377798028046	429
8	7133	53	0.00340815873318015	1504
10	7133	126	0.00111397535259559	398
11	7133	8	0.0144416967852387	3796
13	7133	95	0.00121868533953684	417
5	7134	83	0.00233093890581918	1028
6	7134	39	0.00523736684827603	2657
7	7134	76	0.00310736049268615	1439
9	7134	115	0.0010673618573542	443
10	7134	63	0.00286890637289065	1025
11	7134	94	0.00181852767738254	478
12	7134	59	0.00408874907020046	863
13	7134	69	0.00251627836292859	861
5	7135	20	0.0087070091423596	3840
6	7135	20	0.00844444094016353	4284
7	7135	110	0.00173830798930671	805
8	7135	69	0.00266942219925945	1178
9	7135	90	0.00190342182236978	790
10	7135	23	0.00724923659101151	2590
11	7135	88	0.00191363895758037	503
6	7201	147	0.000973752059860127	494
11	7201	98	0.00176906981167967	465
5	7211	133	0.00105436438833261	465
7	7211	78	0.00292597183293241	1355
8	7211	84	0.0020938422004378	924
11	7211	64	0.00351531291611185	924
12	7211	54	0.00441565948253398	932
13	7211	74	0.00218311258665233	747
4	7212	27	0.0070453693605341	2500
5	7212	146	0.00095686402554056	422
6	7212	79	0.00269851532378242	1369
7	7212	147	0.000902624521155532	418
9	7212	52	0.00423330650873887	1757
10	7212	137	0.000878864976670893	314
11	7212	34	0.00592733498192886	1558
4	7213	122	0.000946897642055782	336
5	7213	108	0.00182756493977652	806
6	7213	87	0.00243635130766623	1236
7	7213	74	0.00319157665614325	1478
9	7213	139	0.000903523016947682	375
10	7213	43	0.0048197627064563	1722
13	7213	56	0.00336965035128532	1153
4	7221	45	0.00438503788999642	1556
5	7221	69	0.00276855681323465	1221
6	7221	32	0.00634515765321811	3219
7	7221	42	0.00521492396792012	2415
8	7221	32	0.0054770742407556	2417
9	7221	142	0.000852925727998612	354
11	7221	10	0.013905269164923	3655
11	7222	87	0.00200494578657029	527
13	7222	105	0.00110763008077809	379
5	7223	111	0.00179582063561167	792
6	7223	91	0.00218010076559777	1106
7	7223	154	0.000863755522636873	400
8	7223	124	0.00104918716320639	463
9	7223	133	0.000944482727049311	392
10	7223	135	0.000976827633306184	349
5	7301	130	0.00110424829487738	487
4	7311	30	0.00688755308685813	2444
5	7311	46	0.00463920330866347	2046
6	7311	107	0.00184697506090878	937
7	7311	113	0.00165193243704302	765
8	7311	29	0.00601413116878997	2654
10	7311	34	0.00571262234836081	2041
11	7311	62	0.00356857523302264	938
12	7311	71	0.00349178223028707	737
13	7311	34	0.00550308032217715	1883
4	7312	127	0.000276178478932937	98
5	7312	154	0.000902445218400813	398
5	7321	95	0.00205430996952547	906
6	7321	130	0.00145274345772655	737
10	7321	83	0.0024406696167421	872
11	7321	84	0.00214571048126308	564
5	7322	165	0.000761863299956465	336
8	7322	137	0.000931351887857075	411
10	7322	110	0.00122873160751122	439
11	7322	99	0.00176906981167967	465
12	7322	82	0.00230258638252308	486
4	7332	62	0.00306332659796022	1087
12	7332	80	0.00238786735965357	504
13	7332	89	0.00125960043486901	431
4	7341	51	0.00362977429454717	1288
5	7341	49	0.00447367943694674	1973
6	7341	117	0.00165183041733358	838
7	7341	73	0.0032304456546619	1496
8	7341	10	0.0117993899758438	5207
9	7341	14	0.0114133027500831	4737
10	7341	85	0.00233151122791992	833
12	7341	17	0.00859916519399053	1815
13	7341	32	0.00598237143892545	2047
4	7342	49	0.00370586428364093	1315
6	7342	106	0.00188245590519518	955
7	7342	135	0.00103002846074447	477
8	7342	89	0.00198507117703844	876
9	7342	109	0.00117578461938792	488
13	7342	75	0.0021451199981296	734
6	7343	172	0.000709616885728028	360
8	7343	91	0.00188309834260153	831
7	7351	158	0.000818408357698437	379
8	7351	128	0.00101972834436906	450
9	7351	84	0.00218532100365746	907
10	7352	127	0.00111397535259559	398
4	7353	67	0.00289423773330741	1027
5	7353	58	0.00373449063996517	1647
6	7353	71	0.00309077576894874	1568
7	7353	112	0.00170591715720782	790
8	7353	62	0.00299120314348258	1320
9	7353	116	0.00104808669965931	435
11	7353	69	0.00321856572189462	846
12	7353	41	0.00587491175787783	1240
13	7353	72	0.00227078779093555	777
5	7411	76	0.00245338122188362	1082
9	7411	96	0.00169139508772606	702
10	7411	36	0.00543832690978199	1943
11	7411	90	0.00190222560395663	500
12	7411	32	0.00665665404824061	1405
13	7411	49	0.00381387138632033	1305
4	7412	92	0.00141752831533946	503
5	7412	88	0.00223343854302714	985
6	7412	177	0.000331154546673079	168
7	7412	43	0.00518685191343442	2402
11	7501	81	0.0024690888339357	649
4	7511	94	0.00134707462173412	478
5	7511	29	0.00652345450587723	2877
6	7511	43	0.00495746241001664	2515
7	7511	72	0.00324556137630805	1503
9	7511	42	0.0045368902424333	1883
10	7511	107	0.00129590600063256	463
11	7511	32	0.00605288187178999	1591
12	7511	84	0.0022173054053926	468
13	7511	99	0.00118946027144243	407
4	7512	81	0.00207979303522967	738
5	7512	114	0.00167337831954724	738
7	7512	48	0.0047506553745028	2200
10	7512	92	0.00202642752582715	724
11	7512	78	0.00280768499143998	738
12	7512	26	0.00692671047582047	1462
13	7512	76	0.00211589493003519	724
4	7513	14	0.0108047784513151	3834
5	7513	57	0.00387734000870701	1710
6	7513	155	0.000859424894937278	436
7	7513	30	0.00611970787788224	2834
8	7513	6	0.0148427125680385	6550
9	7513	18	0.0100929544479836	4189
10	7513	16	0.00846957139938256	3026
12	7513	23	0.00747156116304301	1577
13	7513	31	0.00647627508972096	2216
8	7514	92	0.00188309834260153	831
4	7515	75	0.00228833596830147	812
5	7515	109	0.00180715788709911	797
6	7515	157	0.000849569104857722	431
8	7515	158	0.000274193621485903	121
9	7515	99	0.00146732137952304	609
10	7515	120	0.00113916575001609	407
11	7515	73	0.00303214761270687	797
6	7517	103	0.00192779253956114	978
7	7517	139	0.000973884351773074	451
10	7517	100	0.00149183131390314	533
11	7517	120	0.00151797603195739	399
13	7517	70	0.00232631542031493	796
8	7611	149	0.000867902124207444	383
11	7611	68	0.00331367700209245	871
13	7611	104	0.00113393264206306	388
4	7612	21	0.0085136243352694	3021
5	7612	33	0.00608356914816427	2683
6	7612	30	0.00671573536020942	3407
7	7612	97	0.0019887970908714	921
8	7612	19	0.00888523297393574	3921
9	7612	55	0.00343097806968933	1424
10	7612	72	0.0025890130682184	925
11	7612	55	0.00394902035381396	1038
12	7612	96	0.00196620030606395	415
13	7612	59	0.00300725950691465	1029
5	7613	51	0.00438751632564214	1935
7	7999	152	0.000883190021896202	409
4	8101	43	0.00455130860690503	1615
5	8101	41	0.00503600711072413	2221
6	8101	22	0.0081921327141269	4156
7	8101	35	0.0057720462800209	2673
8	8101	54	0.00334017684355554	1474
9	8101	13	0.0117939871145571	4895
10	8101	39	0.00517522720339007	1849
11	8101	19	0.00887958911926955	2334
12	8101	70	0.00353916055091511	747
13	8101	52	0.00359760588242171	1231
10	8113	125	0.00111677428564231	399
8	8114	131	0.000976673147606811	431
4	8121	72	0.00234751707092996	833
7	8121	156	0.000848639800990728	393
13	8121	90	0.00125667792805957	430
7	8122	90	0.00221985169317676	1028
4	8123	46	0.00421313087759939	1495
5	8123	144	0.000975003627920476	430
6	8123	122	0.00157101293868122	797
7	8123	39	0.00543302223738593	2516
8	8123	33	0.00536150502839377	2366
9	8123	16	0.0108639607557789	4509
10	8123	57	0.00345108444660895	1233
11	8123	75	0.00292181852767738	768
4	8131	100	0.00118925834805816	422
5	8131	149	0.000931922072268176	411
6	8131	112	0.00174841716011322	887
8	8131	65	0.00275553259278395	1216
10	8131	62	0.00289689570335788	1035
8	8132	139	0.000904159132007233	399
13	8132	101	0.00116608021696691	399
4	8133	58	0.00319577954193827	1134
5	8133	128	0.00118360905528951	522
7	8133	68	0.00348525353383978	1614
8	8133	48	0.00402679392876404	1777
9	8133	35	0.00519465499877121	2156
10	8133	99	0.00150862491218348	539
11	8133	37	0.00553167205630588	1454
12	8133	38	0.00630131664353025	1330
13	8133	86	0.00136773318681833	468
11	8134	79	0.00267072474795511	702
12	8135	86	0.00220309190920419	465
11	8141	51	0.00428761651131824	1127
6	8142	173	0.000701732253664383	356
8	8143	74	0.00246094440441067	1086
9	8144	81	0.00221664313491165	920
4	8152	89	0.00150207274766587	533
4	8153	111	0.00113007724542967	401
5	8153	27	0.00661188506747932	2916
7	8153	70	0.00347013781219364	1607
8	8153	116	0.00113076543075591	499
9	8153	39	0.0049633531064326	2060
10	8153	136	0.000957235101979126	342
11	8153	133	0.00136199353243295	358
12	8153	39	0.00623024916258818	1315
13	8153	114	0.00101995487649486	349
5	8154	60	0.00355989696705848	1570
6	8154	83	0.00252702457639814	1282
7	8154	98	0.00197368136922525	914
8	8154	141	0.000897360943044773	396
9	8154	41	0.00480674245016167	1995
10	8154	35	0.005488707704623	1961
12	8154	68	0.00363865502423401	768
5	8155	123	0.00127657451748658	563
9	8155	75	0.00237325379118258	985
4	8161	33	0.006529648323343	2317
5	8161	55	0.00391815411406182	1728
6	8161	31	0.00668419683195484	3391
7	8161	66	0.00360186052939576	1668
8	8161	77	0.00230231999528659	1016
9	8161	53	0.00412006495728143	1710
10	8161	122	0.00113076895087593	404
11	8161	48	0.00440555449876355	1158
4	8163	78	0.00213051969462551	756
5	8163	162	0.000857096212451023	378
6	8163	62	0.00351457474236965	1783
8	8163	82	0.00212556708226262	938
4	8172	126	0.00034099587704985	121
12	8173	109	0.00169614387848408	358
13	8173	111	0.00104625743777983	358
11	8181	70	0.00316910785619174	833
4	8201	79	0.00211361080816023	750
5	8201	15	0.0100039907125236	4412
6	8201	38	0.00528270348264198	2680
7	8201	117	0.00158283199523207	733
8	8201	70	0.00261277062457228	1153
9	8201	56	0.00336833380718096	1398
10	8201	80	0.00250224614376999	894
12	8201	91	0.00198988946637797	420
13	8201	64	0.00275007890768385	941
4	8211	117	0.00106525984731276	378
6	8211	152	0.000894905739223679	454
10	8211	116	0.00116995401353004	418
11	8211	58	0.00393760700019022	1035
12	8211	93	0.00198515163431517	419
4	8212	41	0.00483875967681482	1717
5	8212	72	0.00264384704687273	1166
6	8212	27	0.00713756317561441	3621
7	8212	23	0.00733760316480023	3398
8	8212	47	0.00416275770801325	1837
9	8212	24	0.00705711711103937	2929
10	8212	20	0.00777263707074863	2777
11	8212	118	0.00152558493437322	401
12	8212	92	0.00198988946637797	420
6	8301	135	0.00138375292716965	702
8	8324	83	0.00212330101927513	937
5	8331	89	0.00221756639094471	978
4	8341	9	0.0146459138266783	5197
5	8341	2	0.0289077238426934	12749
6	8341	6	0.0181287402723352	9197
7	8341	9	0.0136149464255637	6305
8	8341	8	0.0131952847761356	5823
9	8341	7	0.0159526023872283	6621
10	8341	8	0.0177816216458286	6353
11	8341	11	0.0122313106334411	3215
12	8341	10	0.0154405946926805	3259
13	8341	38	0.00513192195737816	1756
4	8342	13	0.0109175043610836	3874
5	8342	24	0.00716060803947177	3158
6	8342	108	0.00183711927082923	932
7	8342	6	0.0182144445836051	8435
8	8342	12	0.0114912054095456	5071
9	8342	30	0.00616082227822726	2557
10	8342	52	0.00385133187229028	1376
11	8342	15	0.0114133536237398	3000
12	8342	20	0.00801167401820275	1691
13	8342	10	0.0150976701775715	5166
8	8343	142	0.000890562754082312	393
9	8343	143	0.000749321755388611	311
10	8343	138	0.000859272445343835	307
4	8344	11	0.0126563015192634	4491
5	8344	84	0.00232640400522421	1026
6	8344	37	0.00536154980327843	2720
7	8344	133	0.00103866601597084	481
8	8344	130	0.000985737399556758	435
9	8344	31	0.00601866799022749	2498
11	8344	114	0.00155602054403652	409
12	8344	75	0.00259633197041698	548
5	8351	64	0.00332634958641707	1467
6	8351	75	0.00291534270553265	1479
8	8351	60	0.00304332259219477	1343
12	8351	50	0.00487049136056323	1028
4	8352	97	0.00131889314429198	468
5	8352	48	0.00450769119140908	1988
6	8352	93	0.00214264876329546	1087
7	8352	51	0.00459517938042816	2128
8	8352	151	0.00085657180927001	378
9	8352	26	0.00638489598643029	2650
10	8352	32	0.00592534125991172	2117
11	8352	47	0.00461099486399087	1212
4	9111	10	0.0127915726109857	4539
5	9111	22	0.00783630822812364	3456
6	9111	10	0.0136798366304236	6940
7	9111	7	0.0146104246654027	6766
8	9111	13	0.0112283421029971	4955
9	9111	22	0.00715349289951378	2969
10	9111	5	0.0215601812589041	7703
11	9111	9	0.0142324519688035	3741
12	9111	24	0.00719202907133754	1518
13	9111	21	0.00794629601486972	2719
4	9112	82	0.00204033896681067	724
5	9112	119	0.00160988971121753	710
8	9112	86	0.00205531912965053	907
9	9112	94	0.00177813329735304	738
10	9112	31	0.00598971671998634	2140
11	9112	54	0.0040745672436751	1071
13	9112	19	0.00950983715792058	3254
4	9121	18	0.00906598129313527	3217
5	9121	122	0.00129698157016398	572
9	9121	80	0.00222628071375909	924
13	9121	63	0.00281437405749155	963
4	9221	2	0.0377631797724628	13400
5	9221	6	0.0213979284574082	9437
6	9221	26	0.00742732340395335	3768
7	9221	15	0.00969133696398571	4488
8	9221	18	0.00889429722588569	3925
9	9221	19	0.00978455192486543	4061
10	9221	112	0.00120354121009071	430
11	9221	67	0.00334791706296367	880
12	9221	7	0.0170846224184738	3606
13	9221	11	0.0144605636931134	4948
9	9222	131	0.000958939095320474	398
11	9222	61	0.00357618413543846	940
4	9231	24	0.00768508889847059	2727
5	9231	65	0.00319710491946017	1410
6	9231	19	0.00851934494476815	4322
7	9231	58	0.00396247846009665	1835
8	9231	11	0.0114934714725331	5072
9	9231	40	0.00493444036989028	2048
10	9231	18	0.00822606422431769	2939
11	9231	39	0.00539851626402891	1419
12	9231	36	0.00643871377335159	1359
13	9231	17	0.0114445366657704	3916
4	9232	32	0.00655501165304092	2326
5	9232	151	0.000920584820780728	406
8	9232	38	0.00499440282442091	2204
9	9232	127	0.000970986068879776	403
10	9232	22	0.00748994483302965	2676
11	9232	134	0.00135438463001712	356
12	9232	104	0.00177668702355176	375
4	9233	68	0.0026236955498629	931
6	9233	34	0.00576366603852431	2924
7	9233	155	0.000861596133830281	399
8	9233	146	0.000874700313169905	386
9	9233	72	0.00259250870996188	1076
10	9233	59	0.00336711645520727	1203
11	9233	60	0.00366368651322047	963
4	9234	47	0.00410322311557506	1456
5	9234	105	0.0018955884487012	836
6	9234	35	0.00573409866828564	2909
7	9234	103	0.00180740843111766	837
9	9234	43	0.00449593053233167	1866
11	9234	130	0.00142666920296747	375
4	9235	55	0.00335359581561423	1190
5	9235	167	0.000711979393411696	314
6	9235	84	0.00250534183822312	1271
9	9235	63	0.00316835404609654	1315
10	9235	129	0.00108038815603492	386
11	9235	104	0.00171200304356097	450
4	9236	28	0.00702282417858039	2492
5	9236	17	0.00963893121462778	4251
6	9236	41	0.00504025104668491	2557
7	9236	34	0.00578068383524727	2677
8	9236	39	0.00483577841529683	2134
9	9236	44	0.00448629295348423	1862
10	9236	25	0.00717926326484344	2565
11	9236	43	0.00480882632680236	1264
12	9236	14	0.0125978954549977	2659
13	9236	14	0.0126632220053073	4333
4	9237	29	0.00691009826881184	2452
6	9237	105	0.00190610980138612	967
7	9237	100	0.00189162459457475	876
9	9237	113	0.00108663701504908	451
10	9237	109	0.00126231880407189	451
5	9311	75	0.00246245102307357	1086
6	9311	174	0.000687934147553004	349
9	9311	118	0.00104326791023559	433
12	9311	79	0.00240208085584198	507
8	9312	157	0.000652626140396198	288
4	9322	125	0.000374813649980414	133
6	9322	161	0.000816059418587232	414
4	9331	22	0.00819235549242905	2907
5	9331	42	0.0049135647946597	2167
6	9331	63	0.00336673789117631	1708
7	9331	40	0.00530777768660358	2458
8	9331	90	0.00193521779131373	854
9	9331	85	0.00203111974209839	843
10	9331	49	0.00403326252032725	1441
13	9331	80	0.00184117928994775	630
5	9332	142	0.000981805978812944	433
4	9411	12	0.0126224837463329	4479
5	9411	16	0.00988381584675664	4359
6	9411	25	0.00753770825284438	3824
7	9411	19	0.00890316004957957	4123
8	9411	17	0.00898493974538516	3965
9	9411	23	0.00709566742642913	2945
10	9411	11	0.0135776242096513	4851
11	9411	21	0.00881871789994293	2318
12	9411	13	0.0126357981115001	2667
13	9411	22	0.00751376500707247	2571
4	9512	15	0.0107230521667329	3805
5	9512	23	0.0076934588593818	3393
6	9512	11	0.0119964676848355	6086
7	9512	104	0.00180524904231106	836
8	9512	37	0.00500799920234583	2210
9	9512	25	0.00665956698358238	2764
10	9512	13	0.0127071560321206	4540
11	9512	17	0.0103975651512269	2733
12	9512	8	0.0166582175328213	3516
13	9512	9	0.0159072045637866	5443
4	9521	17	0.00935906865853349	3321
5	9521	26	0.00684996734871572	3021
6	9521	14	0.010098242515513	5123
7	9521	33	0.00588001572035051	2723
8	9521	16	0.0101225033651035	4467
9	9521	37	0.00515369528866958	2139
10	9521	12	0.013096207725615	4679
11	9521	29	0.00635343351721514	1670
12	9521	15	0.012299412035041	2596
13	9521	6	0.0183241176951942	6270
4	9601	93	0.00141189201985103	501
5	9601	90	0.00219035698737484	966
9	9601	114	0.00108422762033722	450
10	9601	70	0.00271496505532091	970
12	9601	51	0.00481363737580958	1016
4	9611	5	0.0258395966666948	9169
5	9611	4	0.0223820018865186	9871
6	9611	3	0.0235849056603774	11965
7	9611	3	0.0228031457976134	10560
8	9611	3	0.0226742262527929	10006
9	9611	3	0.033435170416488	13877
10	9611	2	0.0315747637000775	11281
11	9611	1	0.0389727981738634	10244
12	9611	5	0.0224667996418199	4742
13	9611	3	0.0374402347357469	12811
4	9621	8	0.0184025047697151	6530
5	9621	53	0.00416757364678566	1838
6	9621	4	0.0209888905534223	10648
7	9621	18	0.00896794171377733	4153
8	9621	4	0.0205531912965053	9070
9	9621	17	0.0106254306793047	4410
10	9621	6	0.0196597057201795	7024
11	9621	7	0.0145215902606049	3817
12	9621	35	0.00650978125429366	1374
13	9621	12	0.0136831768818021	4682
5	9622	101	0.00192279785227108	848
6	9622	143	0.00111567543700573	566
7	9622	125	0.00122221406453118	566
10	9622	66	0.00278213944844225	994
11	9622	83	0.0021533193836789	566
12	9622	101	0.00182880317624261	386
4	9623	77	0.00213615599011394	758
5	9623	73	0.00255995138586562	1129
6	9623	72	0.00298039092005772	1512
7	9623	130	0.00111424462420157	516
8	9623	127	0.00102199440735655	451
4	9631	109	0.00114416798415074	406
6	9631	154	0.000865338368985011	439
7	9631	92	0.00215938880659218	1000
8	9631	135	0.000942682202794509	416
9	9631	121	0.00100230820013396	416
10	9631	76	0.00255542587165772	913
4	9632	80	0.00208261118297388	739
9	9632	91	0.00184559634928513	766
10	9632	96	0.00157859823835154	564
13	9632	103	0.00113977765568194	390
7	9633	160	0.000814089580085253	377
8	9633	133	0.000972141021631837	429
9	9633	112	0.00111554975159141	463
5	9641	135	0.00102942243506022	454
4	9642	114	0.00109907762024332	390
8	9651	81	0.00215049377512497	949
4	9661	52	0.00356495689643025	1265
5	9661	168	0.000705177042519228	311
6	9661	110	0.00178586916241554	906
7	9661	49	0.00473122087524347	2191
8	9661	56	0.00330391983575575	1458
9	9661	77	0.00232988468636909	967
10	9661	58	0.00341469831700156	1220
11	9661	108	0.00165874072665018	436
12	9661	97	0.00192355981749871	406
13	9661	98	0.00120991781910852	414
6	9662	123	0.00157101293868122	797
9	9662	86	0.00202389155796281	840
5	9711	163	0.000854828762153534	377
7	9711	45	0.00514150474849599	2381
5	9712	81	0.00242390436801625	1069
6	9712	166	0.00076283815215763	387
8	9712	52	0.00345347999292988	1524
9	9712	62	0.00323099830860491	1341
10	9712	81	0.00250224614376999	894
12	9712	110	0.00165350338991884	349
5	9713	157	0.000884305616020897	390
6	9713	142	0.0011275023851012	572
7	9713	124	0.00123517039737073	572
10	9713	71	0.00263099706391923	940
12	9713	42	0.00565697148298881	1194
13	9713	54	0.0034397905147119	1177
4	9722	91	0.00145416423601424	516
7	9722	88	0.00235589318799207	1091
8	9722	96	0.00179018976011457	790
9	9722	64	0.00313462252013049	1301
4	9723	25	0.00708482342895309	2514
7	9723	13	0.0102786907193788	4760
8 9723  65  0.02365265  4230
